{
  "boosting_type": "dart",
  "n_estimators": 2882,
  "max_depth": 10,
  "learning_rate": 0.03147795255085737,
  "num_leaves": 116,
  "min_child_samples": 63,
  "subsample": 0.7540880483826704,
  "colsample_bytree": 0.9098914563487795,
  "reg_alpha": 3.500388969624069,
  "reg_lambda": 2.553333992180397e-06,
  "max_bin": 350,
  "drop_rate": 0.2946051357860395,
  "subsample_freq": 3,
  "verbosity": -1,
  "random_state": 42,
  "n_jobs": -1
}