,S1_MeanRev,S2_Bollinger,S3_Donchian,S4_Supertrend,S5_PivotPoints,S6_VWAP
S1_MeanRev,1.0,0.15040399989965753,-0.09696435890108993,-0.08030095359164179,-0.07337091862732702,0.04531930034341849
S2_Bollinger,0.15040399989965753,1.0,-0.213741397471232,-0.1572605699020608,0.018691712915430907,0.061741962630774264
S3_Donchian,-0.09696435890108993,-0.213741397471232,1.0,0.7702192951027413,-0.01529315334466296,-0.01375812854973364
S4_Supertrend,-0.08030095359164179,-0.1572605699020608,0.7702192951027413,1.0,0.010751978135045298,-0.05619829066229999
S5_PivotPoints,-0.07337091862732702,0.018691712915430907,-0.01529315334466296,0.010751978135045298,1.0,0.1771527230846491
S6_VWAP,0.04531930034341849,0.061741962630774264,-0.01375812854973364,-0.05619829066229999,0.1771527230846491,1.0
