horizon,qlike_test
1,-7.570153906130781
5,-7.463566608956416
22,-7.355936015457077
