{
  "n_estimators": 839,
  "max_depth": 8,
  "learning_rate": 0.022534729378782457,
  "min_child_weight": 1,
  "subsample": 0.8893253030616894,
  "colsample_bytree": 0.9701167132268611,
  "gamma": 0.012532867936443415,
  "reg_alpha": 0.000793207440020742,
  "reg_lambda": 5.4006055255486995e-06,
  "verbosity": 0,
  "random_state": 42,
  "n_jobs": -1
}