Horizon,Model1,Model2,DM_stat,p_value,Winner
22,Hybrid,XGBoost,-2.0319463524197494,0.04215908729552509,Hybrid
22,Hybrid,LightGBM,0.1856412642932688,0.8527260917661299,LightGBM
22,Hybrid,HAR-J,-4.2688665185923895,1.9646878976153914e-05,Hybrid
22,XGBoost,LightGBM,1.8558369335180571,0.06347680444881432,LightGBM
22,XGBoost,HAR-J,1.529845747116033,0.1260549149681358,HAR-J
22,LightGBM,HAR-J,-2.546646768694967,0.010876346419989913,LightGBM
