Horizon,Model1,Model2,DM_stat,p_value,Winner
1,V2_MultiVal,HAR-J,-11.181889909552412,0.0,V2_MultiVal
1,V2_MultiVal,XGBoost,-9.519887118185455,0.0,V2_MultiVal
1,V2_MultiVal,LightGBM,-3.436371070345298,0.0005895628850725032,V2_MultiVal
1,V2_MultiVal,V1_Adaptive,-6.316668432845111,2.6726221236117453e-10,V2_MultiVal
1,V2_MultiVal,V3_Regime,-5.111499042059731,3.1961244562062063e-07,V2_MultiVal
1,V2_MultiVal,V4_Shrinkage,-4.602329394711913,4.17791756679442e-06,V2_MultiVal
1,V2_MultiVal,V5_Combined,-3.1713584800077967,0.0015172777734269172,V2_MultiVal
