Horizon,Model1,Model2,DM_stat,p_value,Winner
1,Hybrid,XGBoost,4.498799163926638,6.833837852049385e-06,XGBoost
1,Hybrid,LightGBM,5.786653551774935,7.180245287230491e-09,LightGBM
1,Hybrid,HAR-J,-10.951889965543677,0.0,Hybrid
1,XGBoost,LightGBM,4.741067046948472,2.125955586906869e-06,LightGBM
1,XGBoost,HAR-J,-9.883372532467657,0.0,XGBoost
1,LightGBM,HAR-J,-9.923265689919875,0.0,LightGBM
