Horizon,Model1,Model2,DM_stat,p_value,Winner
5,Hybrid,XGBoost,8.541238292596308,0.0,XGBoost
5,Hybrid,LightGBM,-29.35616140499944,0.0,Hybrid
5,Hybrid,HAR-J,27.430160366830233,0.0,HAR-J
5,XGBoost,LightGBM,-11.537686558941653,0.0,XGBoost
5,XGBoost,HAR-J,3.250399027703764,0.0011524318415783164,HAR-J
5,LightGBM,HAR-J,29.245686501099318,0.0,HAR-J
