Horizon,Model1,Model2,DM_stat,p_value,Winner
22,V1_Adaptive,HAR-J,3.131150316073935,0.0017412301205206315,V1_Adaptive
22,V1_Adaptive,XGBoost,1.8940673572312625,0.05821606985598504,V1_Adaptive
22,V1_Adaptive,LightGBM,-1.0025558983615905,0.31607518340642304,LightGBM
22,HAR-J,XGBoost,-1.5459319873294064,0.12212099434348067,HAR-J
22,HAR-J,LightGBM,2.316046196432164,0.020555746495796612,LightGBM
22,HAR-J,V1_Adaptive,3.131150316073935,0.0017412301205206315,V1_Adaptive
22,XGBoost,LightGBM,1.8425522868977091,0.0653944057152751,LightGBM
22,XGBoost,V1_Adaptive,1.8940673572312625,0.05821606985598504,V1_Adaptive
22,LightGBM,V1_Adaptive,-1.0025558983615905,0.31607518340642304,LightGBM
