{
  "n_estimators": 96,
  "max_depth": 10,
  "learning_rate": 0.012332776993526,
  "min_child_weight": 1,
  "subsample": 0.7102404860724276,
  "colsample_bytree": 0.9272420429255714,
  "colsample_bylevel": 0.5188023882053625,
  "gamma": 0.004915890466625273,
  "reg_alpha": 6.071223797469798,
  "reg_lambda": 0.00030860021719517826,
  "verbosity": 0,
  "random_state": 42,
  "n_jobs": -1,
  "early_stopping_rounds": 50
}