{
  "n_estimators": 879,
  "max_depth": 10,
  "learning_rate": 0.017043935145074955,
  "num_leaves": 41,
  "min_child_samples": 12,
  "subsample": 0.9611204144923785,
  "colsample_bytree": 0.8202574799419586,
  "reg_alpha": 0.003179127290234388,
  "reg_lambda": 0.00033622848355931747,
  "verbosity": -1,
  "random_state": 42,
  "n_jobs": -1
}