{
  "h1": {
    "rv_d": 0.22549441459866437,
    "rv_w": 0.30289955887309916,
    "rv_m": 0.2457914441621225,
    "intercept": -1.9000660412916668
  },
  "h5": {
    "rv_d": 0.1428825572062522,
    "rv_w": 0.23253245552008506,
    "rv_m": 0.3185713455748409,
    "intercept": -2.549163185501535
  },
  "h22": {
    "rv_d": 0.07008161215649802,
    "rv_w": 0.14163761410694098,
    "rv_m": 0.35905377004051964,
    "intercept": -3.5323972417740395
  }
}