test,delta_sharpe,t_stat,p_ttest,dm_stat,p_dm,boot_ci_lo,boot_ci_hi
META: A vs D,1.0729,0.577,0.564071,0.577,0.564058,0.4034,2.1984
META: A vs BEST,3.1517,-1.064,0.287439,-1.064,0.287412,2.0737,4.195
S1: A vs D,1.9361,1.548,0.121645,1.548,0.121612,0.6776,2.8719
S2: A vs D,0.8349,1.192,0.233165,1.192,0.233136,0.272,1.5293
S3: A vs B,2.0998,-0.671,0.50242,-0.671,0.502404,1.093,3.1319
S4: A vs B,0.9482,-2.012,0.044196,-2.012,0.044168,-0.1599,1.9958
S5: A vs D,0.8641,0.62,0.535309,0.62,0.535294,0.3073,1.4722
S6: A vs D,0.7158,0.484,0.628552,0.484,0.62854,-0.0786,2.0104
