test,delta_sharpe,t_stat,p_ttest,dm_stat,p_dm,boot_ci_lo,boot_ci_hi
META: A vs D,1.3049,0.821,0.411864,0.821,0.41168,0.9101,1.7623
META: A vs BEST,2.1534,-0.326,0.744218,-0.326,0.744154,1.5419,3.0758
S1: A vs C,0.6666,1.359,0.174449,1.359,0.17416,0.239,1.1625
S2: A vs C,0.9633,1.538,0.124454,1.538,0.124156,0.4353,1.5438
S3: A vs B,1.1107,-0.936,0.349463,-0.936,0.34925,0.4111,2.119
S4: A vs D,1.1901,0.637,0.524395,0.637,0.524258,0.7633,1.6785
S5: A vs C,0.3126,-1.022,0.307128,-1.022,0.306895,-0.1936,0.8984
S6: A vs D,0.5781,0.577,0.563928,0.577,0.563805,0.1185,1.0886
