{
  "n_estimators": 971,
  "max_depth": 7,
  "learning_rate": 0.019579471298520428,
  "min_child_weight": 1,
  "subsample": 0.9991449506665981,
  "colsample_bytree": 0.915323794530997,
  "gamma": 0.017582278766084376,
  "reg_alpha": 0.0002266679280772381,
  "reg_lambda": 1.0589064559372161e-08,
  "verbosity": 0,
  "random_state": 42,
  "n_jobs": -1
}