{
  "rv": 0.00031982033539173274,
  "rsv_pos": 0.00015517608768244324,
  "rsv_neg": 0.0001474215300401921,
  "rv_morning": 0.00010165043441497207,
  "rv_midday": 8.286315374248189e-05,
  "rv_evening": 7.825480455982603e-05,
  "volume": 2680010.0,
  "close": 164.66,
  "bv": 0.00026551442093952733,
  "jump": 3.884502995511865e-05,
  "rskew": 0.008785249337786571,
  "rkurt": 0.10148184653550484,
  "rv_annualized": 0.28389210013439375,
  "bv_annualized": 0.2586689662034487,
  "jump_annualized": 0.09893911030876466,
  "rv_d": 0.0003199429476558886,
  "rv_w": 0.00036726715738576003,
  "rv_2w": 0.0003834764361860289,
  "rv_m": 0.00039802204906981456,
  "rv_q": 0.0004144333578139891,
  "jump_lag1": 3.884770021122409e-05,
  "jump_lag5": 3.901400242193345e-05,
  "jump_lag22": 3.9144549225865894e-05,
  "rv_MOEXMM": 0.12254384085938694,
  "close_MOEXMM": 4421.94,
  "idx_MOEXMM_rv_annualized_lag1": 0.12254384085938694,
  "idx_MOEXMM_rv_annualized_ret1": 0.010949758647436067,
  "idx_MOEXMM_rv_annualized_ret5": -0.008094533479017755,
  "idx_MOEXMM_rv_annualized_ret22": -0.003306431321906709,
  "idx_MOEXMM_rv_annualized_ma5": 0.1229627253537053,
  "idx_MOEXMM_rv_annualized_ma22": 0.1268861146016869,
  "idx_MOEXMM_rv_annualized_vol22": 0.030399682286882255,
  "rv_IMOEX": 0.12593992273268542,
  "close_IMOEX": 1879.89,
  "idx_IMOEX_rv_annualized_lag1": 0.12593992273268542,
  "idx_IMOEX_rv_annualized_ret1": -0.014807168961957636,
  "idx_IMOEX_rv_annualized_ret5": 0.00452539665945139,
  "idx_IMOEX_rv_annualized_ret22": -0.02264314838789999,
  "idx_IMOEX_rv_annualized_ma5": 0.128154370595915,
  "idx_IMOEX_rv_annualized_ma22": 0.12960163276132486,
  "idx_IMOEX_rv_annualized_vol22": 0.031921046327553916,
  "rv_MOEXTL": 0.16778691528330877,
  "close_MOEXTL": 1760.72,
  "idx_MOEXTL_rv_annualized_lag1": 0.16780947903150814,
  "idx_MOEXTL_rv_annualized_ret1": 0.0037695097209197244,
  "idx_MOEXTL_rv_annualized_ret5": -0.005701668279796903,
  "idx_MOEXTL_rv_annualized_ret22": -0.020388715480682593,
  "idx_MOEXTL_rv_annualized_ma5": 0.16863774340072266,
  "idx_MOEXTL_rv_annualized_ma22": 0.17115053115249393,
  "idx_MOEXTL_rv_annualized_vol22": 0.05583335867039118,
  "rv_MOEXEU": 0.12461136720571603,
  "close_MOEXEU": 1231.52,
  "idx_MOEXEU_rv_annualized_lag1": 0.12470939606519367,
  "idx_MOEXEU_rv_annualized_ret1": -0.006848588153158296,
  "idx_MOEXEU_rv_annualized_ret5": -0.004702017946669526,
  "idx_MOEXEU_rv_annualized_ret22": -0.022762052239390016,
  "idx_MOEXEU_rv_annualized_ma5": 0.12622948933371395,
  "idx_MOEXEU_rv_annualized_ma22": 0.12889763960794914,
  "idx_MOEXEU_rv_annualized_vol22": 0.03305620038546031,
  "rv_CNYRUB_TOM": 0.12516505940292139,
  "close_CNYRUB_TOM": 9.1668,
  "idx_CNYRUB_TOM_rv_annualized_lag1": 0.125303070165552,
  "idx_CNYRUB_TOM_rv_annualized_ret1": -0.018301981047234076,
  "idx_CNYRUB_TOM_rv_annualized_ret5": -0.033400303531475266,
  "idx_CNYRUB_TOM_rv_annualized_ret22": -0.03099441267756472,
  "idx_CNYRUB_TOM_rv_annualized_ma5": 0.1283400936628788,
  "idx_CNYRUB_TOM_rv_annualized_ma22": 0.13847137682797242,
  "idx_CNYRUB_TOM_rv_annualized_vol22": 0.047820771088233266,
  "rv_RVI": 0.9553519565573678,
  "close_RVI": 32.26,
  "idx_RVI_rv_annualized_lag1": 0.9553519565573678,
  "idx_RVI_rv_annualized_ret1": -0.010942059231020545,
  "idx_RVI_rv_annualized_ret5": -0.02475096421093383,
  "idx_RVI_rv_annualized_ret22": 0.014435428441507405,
  "idx_RVI_rv_annualized_ma5": 0.9504860313144551,
  "idx_RVI_rv_annualized_ma22": 1.0073445056184736,
  "idx_RVI_rv_annualized_vol22": 0.40014239581106226,
  "rv_MOEXCH": 0.15958383551267166,
  "close_MOEXCH": 13758.08,
  "idx_MOEXCH_rv_annualized_lag1": 0.15938416409474654,
  "idx_MOEXCH_rv_annualized_ret1": 0.00583379273176088,
  "idx_MOEXCH_rv_annualized_ret5": -0.007013605650003272,
  "idx_MOEXCH_rv_annualized_ret22": -0.03079464713806822,
  "idx_MOEXCH_rv_annualized_ma5": 0.15824867286743766,
  "idx_MOEXCH_rv_annualized_ma22": 0.15992543126120345,
  "idx_MOEXCH_rv_annualized_vol22": 0.04683706737055352,
  "rv_MOEXFN": 0.14496918182715018,
  "close_MOEXFN": 6805.89,
  "idx_MOEXFN_rv_annualized_lag1": 0.14496918182715018,
  "idx_MOEXFN_rv_annualized_ret1": -0.015689210694096147,
  "idx_MOEXFN_rv_annualized_ret5": -0.013818325458560526,
  "idx_MOEXFN_rv_annualized_ret22": -0.02804743275979491,
  "idx_MOEXFN_rv_annualized_ma5": 0.14679878289008172,
  "idx_MOEXFN_rv_annualized_ma22": 0.14504513206406933,
  "idx_MOEXFN_rv_annualized_vol22": 0.03804917282055836,
  "rv_MOEXCN": 0.13267963993530202,
  "close_MOEXCN": 6506.9,
  "idx_MOEXCN_rv_annualized_lag1": 0.13240623165160578,
  "idx_MOEXCN_rv_annualized_ret1": -0.012039020756143616,
  "idx_MOEXCN_rv_annualized_ret5": -0.0025577892708942766,
  "idx_MOEXCN_rv_annualized_ret22": -0.013367224802401162,
  "idx_MOEXCN_rv_annualized_ma5": 0.13536477431299612,
  "idx_MOEXCN_rv_annualized_ma22": 0.13874351389191514,
  "idx_MOEXCN_rv_annualized_vol22": 0.03839381269909349,
  "rv_RGBI": 0.020959702287944616,
  "close_RGBI": 130.13,
  "idx_RGBI_rv_annualized_lag1": 0.020959702287944616,
  "idx_RGBI_rv_annualized_ret1": 0.0,
  "idx_RGBI_rv_annualized_ret5": 0.0,
  "idx_RGBI_rv_annualized_ret22": -0.045926978346750094,
  "idx_RGBI_rv_annualized_ma5": 0.022283180618582206,
  "idx_RGBI_rv_annualized_ma22": 0.023480895752357622,
  "idx_RGBI_rv_annualized_vol22": 0.009941434912721052,
  "rv_MOEXOG": 0.15056128681472167,
  "close_MOEXOG": 4758.4,
  "idx_MOEXOG_rv_annualized_lag1": 0.15056128681472167,
  "idx_MOEXOG_rv_annualized_ret1": -0.007595342982682459,
  "idx_MOEXOG_rv_annualized_ret5": 0.006804647273670205,
  "idx_MOEXOG_rv_annualized_ret22": -0.02021700129305699,
  "idx_MOEXOG_rv_annualized_ma5": 0.15449509439981843,
  "idx_MOEXOG_rv_annualized_ma22": 0.15489958163065717,
  "idx_MOEXOG_rv_annualized_vol22": 0.0382474707670585,
  "brent": 51.93000030517578,
  "vix": 13.609999656677246,
  "sp500": 2107.39990234375,
  "gold": 1228.699951171875,
  "dxy": 95.87999725341797,
  "eem": 30.695833206176758,
  "wti": 48.849998474121094,
  "tbill_3m": 0.26499998569488525,
  "treasury_10y": 2.2019999027252197,
  "treasury_5y": 1.6119999885559082,
  "yahoo_brent_lag1": 51.93000030517578,
  "yahoo_brent_ret1": 0.0,
  "yahoo_brent_ret5": -0.0009645845467455884,
  "yahoo_brent_ret22": -0.002719568520777799,
  "yahoo_brent_ma5": 51.81999969482422,
  "yahoo_brent_ma22": 51.88454523953524,
  "yahoo_brent_vol22": 1.986335511271104,
  "yahoo_vix_lag1": 13.609999656677246,
  "yahoo_vix_ret1": -0.0019175900324734378,
  "yahoo_vix_ret5": -0.011202195061754433,
  "yahoo_vix_ret22": -0.017126993458634287,
  "yahoo_vix_ma5": 13.556000137329102,
  "yahoo_vix_ma22": 14.117727236314254,
  "yahoo_vix_vol22": 1.450040772180571,
  "yahoo_sp500_lag1": 2107.39990234375,
  "yahoo_sp500_ret1": 0.00014163343256418814,
  "yahoo_sp500_ret5": 0.002942019928252137,
  "yahoo_sp500_ret22": 0.01069709849507605,
  "yahoo_sp500_ma5": 2103.80595703125,
  "yahoo_sp500_ma22": 2095.8327248313212,
  "yahoo_sp500_vol22": 21.797096749568567,
  "yahoo_gold_lag1": 1228.6499633789062,
  "yahoo_gold_ret1": 0.0,
  "yahoo_gold_ret5": -0.0006011336971531087,
  "yahoo_gold_ret22": 0.0001790845332403026,
  "yahoo_gold_ma5": 1228.2199951171874,
  "yahoo_gold_ma22": 1232.8090875799005,
  "yahoo_gold_vol22": 17.76568884749285,
  "yahoo_dxy_lag1": 95.87999725341797,
  "yahoo_dxy_ret1": 0.0,
  "yahoo_dxy_ret5": 0.0010705329604392439,
  "yahoo_dxy_ret22": 0.0019884098519350342,
  "yahoo_dxy_ma5": 95.81800079345703,
  "yahoo_dxy_ma22": 95.73954530195756,
  "yahoo_dxy_vol22": 0.7464536533652276,
  "yahoo_eem_lag1": 30.695833206176758,
  "yahoo_eem_ret1": 0.0,
  "yahoo_eem_ret5": 0.0024575969016363357,
  "yahoo_eem_ret22": 0.008819213365878585,
  "yahoo_eem_ma5": 30.607163619995116,
  "yahoo_eem_ma22": 30.85879542610862,
  "yahoo_eem_vol22": 0.5567496969440088,
  "yahoo_wti_lag1": 48.849998474121094,
  "yahoo_wti_ret1": 0.0,
  "yahoo_wti_ret5": -0.0015102517009587637,
  "yahoo_wti_ret22": 0.0015018801466246943,
  "yahoo_wti_ma5": 48.76800003051758,