{
  "n_estimators": 51,
  "max_depth": 12,
  "learning_rate": 0.009724532011900608,
  "min_child_weight": 5,
  "subsample": 0.6399995409280457,
  "colsample_bytree": 0.7473545294826871,
  "colsample_bylevel": 0.541098295348558,
  "gamma": 0.258988855705526,
  "reg_alpha": 0.6137488788750699,
  "reg_lambda": 3.275619579979364e-08,
  "verbosity": 0,
  "random_state": 42,
  "n_jobs": -1,
  "early_stopping_rounds": 50
}