Horizon,Model1,Model2,DM_stat,p_value,Winner
22,HAR-J,XGBoost,-1.529845747116033,0.1260549149681358,HAR-J
22,HAR-J,LightGBM,2.546646768694967,0.010876346419989913,LightGBM
22,HAR-J,Hybrid_Adaptive,3.3335001348066715,0.0008576063005865109,Hybrid_Adaptive
22,XGBoost,LightGBM,1.8558369335180571,0.06347680444881432,LightGBM
22,XGBoost,Hybrid_Adaptive,1.8889929185120968,0.058892777597008505,Hybrid_Adaptive
22,LightGBM,Hybrid_Adaptive,-1.1395359395091387,0.2544796870981352,LightGBM
