Horizon,Model1,Model2,DM_stat,p_value,Winner
5,V1_Adaptive,HAR-J,0.08320218360554514,0.9336907764958609,V1_Adaptive
5,V1_Adaptive,XGBoost,5.104543140514421,3.315946250914692e-07,V1_Adaptive
5,V1_Adaptive,LightGBM,24.213929582207044,0.0,V1_Adaptive
5,HAR-J,XGBoost,-3.3892621012541504,0.0007008098956913233,HAR-J
5,HAR-J,LightGBM,-29.05397787904991,0.0,HAR-J
5,HAR-J,V1_Adaptive,0.08320218360554514,0.9336907764958609,V1_Adaptive
5,XGBoost,LightGBM,-11.870109390870926,0.0,XGBoost
5,XGBoost,V1_Adaptive,5.104543140514421,3.315946250914692e-07,V1_Adaptive
5,LightGBM,V1_Adaptive,24.213929582207044,0.0,V1_Adaptive
