Horizon,Model1,Model2,DM_stat,p_value,Winner
22,V1_Adaptive,HAR-J,-3.3335001348066715,0.0008576063005865109,V1_Adaptive
22,V1_Adaptive,XGBoost,-1.8889929185120968,0.058892777597008505,V1_Adaptive
22,V1_Adaptive,LightGBM,1.1395359395091387,0.2544796870981352,LightGBM
22,V1_Adaptive,V2_MultiVal,-0.7768942800615749,0.4372211462144855,V1_Adaptive
22,V1_Adaptive,V3_Regime,-1.8521667065878946,0.06400188800992535,V1_Adaptive
22,V1_Adaptive,V4_Shrinkage,-0.33576549475711426,0.7370477122398578,V1_Adaptive
22,V1_Adaptive,V5_Combined,-0.5020987345012127,0.6155980703376125,V1_Adaptive
