Model,H=1,H=5,H=22
HAR-J,0.5232926427359186,0.7733592457612855,0.9290264312556442
XGBoost,0.40305314485725285,0.9186293711234607,1.0797544515308957
LightGBM,0.381464949902014,1.5936501440804038,0.8443823813764386
Hybrid_Fixed,0.416706864382257,1.4402452020150598,0.8455837837948662
SimpleAvg,0.3876307408603159,1.3547316196344146,0.8748676896856357
BestSingle,0.3755818822519466,0.7689130748147631,0.8517005748278508
Hybrid_Adaptive,0.3822527851754837,0.7717299412907201,0.8609111656730193
