Model,1,5,22
HAR-J,0.5232926427359186,0.7733592457612855,0.9290264312556442
XGBoost,0.40305314485725285,0.9186293711234607,1.0797544515308957
LightGBM,0.381464949902014,1.5936501440804038,0.8443823813764386
Hybrid,0.4155790739304444,1.3688895968079302,0.8470402328698036
