{
  "n_estimators": 927,
  "max_depth": 9,
  "learning_rate": 0.016008733074324436,
  "min_child_weight": 1,
  "subsample": 0.8845972821122495,
  "colsample_bytree": 0.8380470267069632,
  "gamma": 0.05902070384025755,
  "reg_alpha": 5.5488046832743556e-05,
  "reg_lambda": 1.2768025323605301e-08,
  "verbosity": 0,
  "random_state": 42,
  "n_jobs": -1
}