strategy,timeframe,category,sharpe_median,sharpe_mean,annual_return_median,annual_return_mean,annual_vol_median,annual_vol_mean,max_drawdown_median,max_drawdown_mean,calmar_median,calmar_mean,win_rate_median,win_rate_mean,profit_factor_median,profit_factor_mean,exposure_median,exposure_mean,turnover_median,turnover_mean,avg_trade_bars_median,avg_trade_bars_mean,selected,rank
S6_DualMA,hourly,Trend,0.4937383195271546,0.4572779880379607,0.051075378077766125,0.0538375530442512,0.11294723150130855,0.11159072927261067,-0.22870367386494397,-0.261927057827051,0.21719435298546302,0.29766072435212504,0.4918642491864249,0.48961830505364595,1.1050576846035642,1.0893664060235093,0.14127017396772165,0.14217805442499953,44.899895068205666,44.6108064336561,14.715328467153284,14.841852180889095,True,1
S5_Supertrend,daily,Trend,0.04262256412579652,0.15448958055210463,0.008870847559914637,0.023083155366911606,0.15019759788668638,0.1592849791553315,-0.26923141982451076,-0.3568384361563345,0.013948226640942899,0.15674120931238625,0.4942084942084942,0.4983870496096549,1.0237536154389395,1.0764170448221644,0.2051442910915935,0.2064815891773772,7.11417816813049,7.019668272321425,14.863636363636363,15.7886042983976,True,6
