{
  "n_estimators": 634,
  "max_depth": 8,
  "learning_rate": 0.11808638236445677,
  "num_leaves": 44,
  "min_child_samples": 51,
  "subsample": 0.9170064298727937,
  "colsample_bytree": 0.9090229387575617,
  "reg_alpha": 6.693175444382515,
  "reg_lambda": 4.459143886523071e-08,
  "min_split_gain": 0.039341459075108734,
  "boosting_type": "dart",
  "verbosity": -1,
  "random_state": 42,
  "n_jobs": -1
}